state,pop_aadhar
Delhi,21763471
Haryana,28941133
Kerala,36475649
Himachal Pradesh,7560770
Punjab,30355185
Goa,1587012
Telangana,39184011
Uttarakhand,11082791
Chandigarh,1131522
Lakshadweep,70374
Dadra and Nagar Haveli and Daman and Diu,583382
Gujarat,62097024
Chhattisgarh,27414422
Andaman and Nicobar Islands,387019
Tamil Nadu,72344821
Maharashtra,114063427
Karnataka,62462743
Odisha,42825628
West Bengal,91928327
Puducherry,1286189
Andhra Pradesh,49145456
Jharkhand,34607477
Tripura,3672693
Madhya Pradesh,74770270
Mizoram,1089577
Uttar Pradesh,203757489
Rajasthan,68936999
Sikkim,578914
Bihar,102714667
Manipur,2515724
Arunachal Pradesh,1229964
Jammu and Kashmir,10436172
Ladakh,210156
Nagaland,1262729
Meghalaya,978281
Assam,6755448
