State,n_hospitals,n_beds
Assam,8,2357
Andhra Pradesh,1,306
Andaman & Nicobar Islands,1,107
Arunachal Pradesh,1,198
Bihar,2,348
Delhi,2,1993
Goa,2,175
Gujarat,5,666
Haryana,3,1458
Himachal Pradesh,6,699
Jammu & Kashmir,11,2643
Jharkhand,2,649
Karnataka,3,1090
Kerala,5,744
Madhya Pradesh,7,1402
Maharastra,11,4202
Manipur,1,74
Meghalaya,1,247
Nagaland,2,398
Odisha,2,147
Punjab,10,2990
Rajasthan,11,2115
Sikkim,2,247
Tamil Nadu,3,373
Telangana,3,764
Tripura,1,49
Uttarakhand,5,1402
Uttar Pradesh,15,4570
West Bengal,7,2107
