Zone,n_hospitals,n_beds
Central Railway,11,1164
Eastern Railway,8,1587
East central Railway,9,819
East coast Railway,4,339
Northern Railway,9,1101
North Central Railway,5,586
North East Railway,6,927
North East Frontier Railway,10,1107
North Western Railway,8,584
Southern Railway,10,1131
South Central Railway,7,714
South Eastern Railway,6,1086
South East Central Railway,5,250
South Western Railway,3,300
Western Railway,9,976
West Central Railway,7,456
Intergral Coach Factory,1,101
Rail Coach Factory,1,60
Chittaranjan Locomotive Works,1,197
Diesal Locomotive Works,1,105
Diesel Loco Modernisation Works,1,50
Rail Wheel Factory,1,46
Research Design and Standards Organization,1,30
Metro/ Kolkata,1,30
MCF/Raibareli,1,2
